ticker,security_class,industry,stock_exchange,security/asset_type,sec_blacklisted,wf_blacklisted,esg,,,,,,,,,,,,,,,,,,,,,,,,,,,,,,,,,,,,,,,
SPY,EQUITY,OTHER,NYSE,ETF,0,0,0,,,,,,,,,,,,,,,,,,,,,,,,,,,,,,,,,,,,,,,
HES,EQUITY,ENERGY,NYSE,COM,0,0,0,,,,,,,,,,,,,,,,,,,,,,,,,,,,,,,,,,,,,,,
NVDA,EQUITY,TECHNOLOGY,NASDAQ,COM,0,0,0,,,,,,,,,,,,,,,,,,,,,,,,,,,,,,,,,,,,,,,
BSX,EQUITY,HEALTHCARE,NYSE,COM,0,0,0,,,,,,,,,,,,,,,,,,,,,,,,,,,,,,,,,,,,,,,
MRK,EQUITY,HEALTHCARE,NYSE,COM,0,0,0,,,,,,,,,,,,,,,,,,,,,,,,,,,,,,,,,,,,,,,
KO,EQUITY,CONSUMER,NYSE,COM,0,0,0,,,,,,,,,,,,,,,,,,,,,,,,,,,,,,,,,,,,,,,
PNC,EQUITY,FINANCE,NYSE,COM,0,0,0,,,,,,,,,,,,,,,,,,,,,,,,,,,,,,,,,,,,,,,
CHTR,EQUITY,TELECOM,NASDAQ,CL A,0,0,0,,,,,,,,,,,,,,,,,,,,,,,,,,,,,,,,,,,,,,,
MSFT,EQUITY,TECHNOLOGY,NASDAQ,COM,0,0,0,,,,,,,,,,,,,,,,,,,,,,,,,,,,,,,,,,,,,,,
MDT,EQUITY,HEALTHCARE,NYSE,SHS,0,0,0,,,,,,,,,,,,,,,,,,,,,,,,,,,,,,,,,,,,,,,
MA,EQUITY,CONSUMER,NYSE,CL A,0,0,0,,,,,,,,,,,,,,,,,,,,,,,,,,,,,,,,,,,,,,,
C,EQUITY,FINANCE,NYSE,COM NEW,0,0,0,,,,,,,,,,,,,,,,,,,,,,,,,,,,,,,,,,,,,,,
CMG,EQUITY,CONSUMER,NYSE,COM,0,0,0,,,,,,,,,,,,,,,,,,,,,,,,,,,,,,,,,,,,,,,
EQIX,EQUITY,REAL ESTATE,NASDAQ,COM,0,0,0,,,,,,,,,,,,,,,,,,,,,,,,,,,,,,,,,,,,,,,
ETN,EQUITY,TECHNOLOGY,NYSE,SHS,0,0,0,,,,,,,,,,,,,,,,,,,,,,,,,,,,,,,,,,,,,,,
TEAM,EQUITY,TECHNOLOGY,NASDAQ,CL A,0,0,0,,,,,,,,,,,,,,,,,,,,,,,,,,,,,,,,,,,,,,,
MAR,EQUITY,CONSUMER,NASDAQ,CL A,0,0,0,,,,,,,,,,,,,,,,,,,,,,,,,,,,,,,,,,,,,,,
INTC,EQUITY,TECHNOLOGY,NASDAQ,COM,0,0,0,,,,,,,,,,,,,,,,,,,,,,,,,,,,,,,,,,,,,,,
ISRG,EQUITY,HEALTHCARE,NASDAQ,COM NEW,0,0,0,,,,,,,,,,,,,,,,,,,,,,,,,,,,,,,,,,,,,,,
GILD,EQUITY,HEALTHCARE,NASDAQ,COM,0,0,0,,,,,,,,,,,,,,,,,,,,,,,,,,,,,,,,,,,,,,,
ADBE,EQUITY,TECHNOLOGY,NASDAQ,COM,0,0,0,,,,,,,,,,,,,,,,,,,,,,,,,,,,,,,,,,,,,,,
SPOT,EQUITY,TECHNOLOGY,NYSE,SHS,0,0,0,,,,,,,,,,,,,,,,,,,,,,,,,,,,,,,,,,,,,,,
ALGN,EQUITY,HEALTHCARE,NASDAQ,COM,0,0,0,,,,,,,,,,,,,,,,,,,,,,,,,,,,,,,,,,,,,,,
TSLA,EQUITY,TECHNOLOGY,NASDAQ,COM,0,0,0,,,,,,,,,,,,,,,,,,,,,,,,,,,,,,,,,,,,,,,
MMM,EQUITY,HEALTHCARE,NYSE,COM,0,0,0,,,,,,,,,,,,,,,,,,,,,,,,,,,,,,,,,,,,,,,
TRU,EQUITY,FINANCE,NYSE,COM,0,0,0,,,,,,,,,,,,,,,,,,,,,,,,,,,,,,,,,,,,,,,
HD,EQUITY,CONSUMER,NYSE,COM,0,0,0,,,,,,,,,,,,,,,,,,,,,,,,,,,,,,,,,,,,,,,
CAN,EQUITY,TECHNOLOGY,NASDAQ,ADS,0,0,0,,,,,,,,,,,,,,,,,,,,,,,,,,,,,,,,,,,,,,,
SHW,EQUITY,ENERGY,NYSE,COM,0,0,0,,,,,,,,,,,,,,,,,,,,,,,,,,,,,,,,,,,,,,,
KDP,EQUITY,CONSUMER,NASDAQ,COM,0,0,0,,,,,,,,,,,,,,,,,,,,,,,,,,,,,,,,,,,,,,,
CLX,EQUITY,CONSUMER,NYSE,COM,0,0,0,,,,,,,,,,,,,,,,,,,,,,,,,,,,,,,,,,,,,,,
PM,EQUITY,CONSUMER,NYSE,COM,0,0,0,,,,,,,,,,,,,,,,,,,,,,,,,,,,,,,,,,,,,,,
HLT,EQUITY,REAL ESTATE,NYSE,COM,0,0,0,,,,,,,,,,,,,,,,,,,,,,,,,,,,,,,,,,,,,,,
APH,EQUITY,TECHNOLOGY,NYSE,CL A,0,0,0,,,,,,,,,,,,,,,,,,,,,,,,,,,,,,,,,,,,,,,
ARGX,EQUITY,HEALTHCARE,NASDAQ,ADR,0,0,0,,,,,,,,,,,,,,,,,,,,,,,,,,,,,,,,,,,,,,,
GEHC,EQUITY,HEALTHCARE,NASDAQ,COM,0,0,0,,,,,,,,,,,,,,,,,,,,,,,,,,,,,,,,,,,,,,,
UHS,EQUITY,HEALTHCARE,NYSE,CL B,0,0,0,,,,,,,,,,,,,,,,,,,,,,,,,,,,,,,,,,,,,,,
DASH,EQUITY,CONSUMER,NASDAQ,CL A,0,0,0,,,,,,,,,,,,,,,,,,,,,,,,,,,,,,,,,,,,,,,
T,EQUITY,TECHNOLOGY,NYSE,COM,0,0,0,,,,,,,,,,,,,,,,,,,,,,,,,,,,,,,,,,,,,,,
TSM,EQUITY,TECHNOLOGY,NYSE,ADS,0,0,0,,,,,,,,,,,,,,,,,,,,,,,,,,,,,,,,,,,,,,,
ADSK,EQUITY,TECHNOLOGY,NYSE,COM,0,0,0,,,,,,,,,,,,,,,,,,,,,,,,,,,,,,,,,,,,,,,
GS,EQUITY,FINANCE,NYSE,COM,0,0,0,,,,,,,,,,,,,,,,,,,,,,,,,,,,,,,,,,,,,,,
FIS,EQUITY,FINANCE,NYSE,COM,0,0,0,,,,,,,,,,,,,,,,,,,,,,,,,,,,,,,,,,,,,,,
CDNS,EQUITY,TECHNOLOGY,NASDAQ,COM,0,0,0,,,,,,,,,,,,,,,,,,,,,,,,,,,,,,,,,,,,,,,
TT,EQUITY,TECHNOLOGY,NYSE,COM NEW,0,0,0,,,,,,,,,,,,,,,,,,,,,,,,,,,,,,,,,,,,,,,
AVGO,EQUITY,TECHNOLOGY,NASDAQ,COM,0,0,0,,,,,,,,,,,,,,,,,,,,,,,,,,,,,,,,,,,,,,,
BKNG,EQUITY,CONSUMER,NASDAQ,COM,0,0,0,,,,,,,,,,,,,,,,,,,,,,,,,,,,,,,,,,,,,,,
COF,EQUITY,FINANCE,NYSE,COM,0,0,0,,,,,,,,,,,,,,,,,,,,,,,,,,,,,,,,,,,,,,,
NTRA,EQUITY,HEALTHCARE,NASDAQ,COM,0,0,0,,,,,,,,,,,,,,,,,,,,,,,,,,,,,,,,,,,,,,,
VOO,EQUITY,OTHER,NYSE,ETF,0,0,0,,,,,,,,,,,,,,,,,,,,,,,,,,,,,,,,,,,,,,,
BND,EQUITY,OTHER,NASDAQ,ETF,0,0,0,,,,,,,,,,,,,,,,,,,,,,,,,,,,,,,,,,,,,,,
TLT,EQUITY,OTHER,NASDAQ,ETF,0,0,0,,,,,,,,,,,,,,,,,,,,,,,,,,,,,,,,,,,,,,,
AGG,EQUITY,OTHER,NYSE,ETF,0,0,0,,,,,,,,,,,,,,,,,,,,,,,,,,,,,,,,,,,,,,,
LQD,EQUITY,OTHER,NASDAQ,ETF,0,0,0,,,,,,,,,,,,,,,,,,,,,,,,,,,,,,,,,,,,,,,
VCIT,EQUITY,OTHER,NASDAQ,ETF,0,0,0,,,,,,,,,,,,,,,,,,,,,,,,,,,,,,,,,,,,,,,
TIP,EQUITY,OTHER,NASDAQ,ETF,0,0,0,,,,,,,,,,,,,,,,,,,,,,,,,,,,,,,,,,,,,,,
NDX,EQUITY,OTHER,NASDAQ,ETF,0,0,0,,,,,,,,,,,,,,,,,,,,,,,,,,,,,,,,,,,,,,,
